{"cameraMode":{"drawMode":0,"name":"Shaded","section":"Shading Mode"},"sceneLighting":true,"audioPlay":false,"sceneViewState":{"showFog":true,"showMaterialUpdate":false,"showSkybox":true,"showFlares":true,"showImageEffects":true,"showParticleSystems":true},"in2DMode":false,"pivot":{"x":0.6224136352539063,"y":-0.07215404510498047,"z":4.768955707550049},"rotation":{"x":-0.11812835931777954,"y":0.8787615299224854,"z":-0.2851872444152832,"w":-0.3639947474002838},"size":68.32138061523438,"orthographic":false}