{"cameraMode":{"drawMode":0,"name":"Shaded","section":"Shading Mode"},"sceneLighting":true,"audioPlay":false,"sceneViewState":{"showFog":true,"showMaterialUpdate":false,"showSkybox":true,"showFlares":true,"showImageEffects":true,"showParticleSystems":true},"in2DMode":false,"pivot":{"x":-4.461600303649902,"y":-1.2043533325195313,"z":0.5292489528656006},"rotation":{"x":-0.060000136494636539,"y":0.9399647116661072,"z":-0.2333250194787979,"w":-0.24171434342861176},"size":6.679746150970459,"orthographic":false}